﻿<?xml version="1.0" encoding="utf-8"?>
<abapGit version="v1.0.0" serializer="LCL_OBJECT_ENQU" serializer_version="v1.0.0">
 <asx:abap xmlns:asx="http://www.sap.com/abapxml" version="1.0">
  <asx:values>
   <DD25V>
    <VIEWNAME>EZDEMO_ABAP_LOCK</VIEWNAME>
    <DDLANGUAGE>E</DDLANGUAGE>
    <AGGTYPE>E</AGGTYPE>
    <ROOTTAB>ZDEMO_ABAP_RAPT1</ROOTTAB>
    <DDTEXT>Lock on demo table</DDTEXT>
    <ABAP_LANGUAGE_VERSION>5</ABAP_LANGUAGE_VERSION>
   </DD25V>
   <DD26E_TABLE>
    <DD26E>
     <VIEWNAME>EZDEMO_ABAP_LOCK</VIEWNAME>
     <TABNAME>ZDEMO_ABAP_RAPT1</TABNAME>
     <TABPOS>0001</TABPOS>
     <FORTABNAME>ZDEMO_ABAP_RAPT1</FORTABNAME>
     <ENQMODE>E</ENQMODE>
    </DD26E>
   </DD26E_TABLE>
   <DD27P_TABLE>
    <DD27P>
     <VIEWNAME>EZDEMO_ABAP_LOCK</VIEWNAME>
     <OBJPOS>0001</OBJPOS>
     <VIEWFIELD>CLIENT</VIEWFIELD>
     <TABNAME>ZDEMO_ABAP_RAPT1</TABNAME>
     <FIELDNAME>CLIENT</FIELDNAME>
     <KEYFLAG>X</KEYFLAG>
     <ENQMODE>E</ENQMODE>
    </DD27P>
    <DD27P>
     <VIEWNAME>EZDEMO_ABAP_LOCK</VIEWNAME>
     <OBJPOS>0002</OBJPOS>
     <VIEWFIELD>KEY_FIELD</VIEWFIELD>
     <TABNAME>ZDEMO_ABAP_RAPT1</TABNAME>
     <FIELDNAME>KEY_FIELD</FIELDNAME>
     <KEYFLAG>X</KEYFLAG>
     <ENQMODE>E</ENQMODE>
    </DD27P>
   </DD27P_TABLE>
  </asx:values>
 </asx:abap>
</abapGit>
