﻿<?xml version="1.0" encoding="utf-8"?>
<abapGit version="v1.0.0" serializer="LCL_OBJECT_CLAS" serializer_version="v1.0.0">
 <asx:abap xmlns:asx="http://www.sap.com/abapxml" version="1.0">
  <asx:values>
   <VSEOCLASS>
    <CLSNAME>ZBP_DEMO_ABAP_RAP_DRAFT_M</CLSNAME>
    <LANGU>E</LANGU>
    <DESCRIPT>Behavior implementation for RAP demo scenario (draft BO)</DESCRIPT>
    <CATEGORY>06</CATEGORY>
    <STATE>1</STATE>
    <CLSCCINCL>X</CLSCCINCL>
    <FIXPT>X</FIXPT>
    <UNICODE>5</UNICODE>
    <CLSDEFINT>ZDEMO_ABAP_RAP_DRAFT_M</CLSDEFINT>
   </VSEOCLASS>
  </asx:values>
 </asx:abap>
</abapGit>
